Model,Feature_Set,Average SHAP,SHAP Std Dev,Stability Score (Avg/Std)
KMeans_k=2,All Features,0.025790236965680835,0.0046419607776810035,5.555892908376734
KMeans_k=2,Selected Features,0.06769545167790807,0.01739778739778097,3.891037988344564
KMeans_k=5,All Features,0.030288277006789904,0.0017770907571264486,17.043742355492284
KMeans_k=5,Selected Features,0.09003884665115305,0.004250403231213299,21.183601120463813
KMeans_k=6,All Features,0.032559198003371814,0.00059400339639809,54.813151239208146
KMeans_k=6,Selected Features,0.0889542860029414,0.0019537619354160754,45.5297466853338
KMeans_k=7,All Features,0.03292709123994898,0.0018094011308453593,18.197784161086116
KMeans_k=7,Selected Features,0.0912308172777425,0.006015678112179564,15.165508455818674
KMedoids_k=2,All Features,0.023441551102312906,0.0018419652312473955,12.726380880945335
KMedoids_k=2,Selected Features,0.06858540877068028,0.008702208707068972,7.881379438184128
KMedoids_k=5,All Features,0.028022561413885337,0.003527418314704844,7.944212711338184
KMedoids_k=5,Selected Features,0.07990519368774676,0.004047902619985445,19.73990018762706
KMedoids_k=6,All Features,0.029408030270849622,0.0018852232006193379,15.599229980401487
KMedoids_k=6,Selected Features,0.08437054817292838,0.0037640437306493135,22.414869276339175
KMedoids_k=7,All Features,0.03144286030141033,0.0018323925296086755,17.159456717565448
KMedoids_k=7,Selected Features,0.08778265201083506,0.0043138290582074666,20.349126223214682
GMM_k=6,All Features,0.032559198003371814,0.00059400339639809,54.813151239208146
GMM_k=6,Selected Features,0.08682188789355068,0.0062970766450917955,13.787649855147196
GMM_k=7,All Features,0.03292709123994898,0.0018094011308453593,18.197784161086116
GMM_k=7,Selected Features,0.0857793479156312,0.007417283132199714,11.564793521666735
